FID,roof,road,watr,conc,Veg,dry,irr,H,W
361,0.20469672409068318,0.3145857621261594,0.0,0.3494860635674109,0.11890672971077432,0.012324720504972155,0,6.19109989138,36.3445632134
362,0.12694014719919736,0.3305060930434561,0.0,0.45950860829638646,0.0672917252126817,0.015753426248278458,0,4.59421136547,51.024983683
363,0.21681178538996254,0.32990452124756425,0.0,0.42243367466619597,0.029895463423810928,0.0009545552724663061,0,5.60187234888,73.0190801668
364,0.16163321612871762,0.3198153214456578,0.0,0.40251192560835697,0.10104137152624562,0.014998165291022002,0,3.74452802337,59.8778916914
365,0.373333054638184,0.06817115598103016,0.0,0.41265229528680053,0.12098156431587308,0.02486192977811221,0,4.51980861512,59.901645011
366,0.41070698625046453,0.06766304347826087,0.0,0.3393069490895578,0.15778985507246376,0.024533166109253067,0,6.9841913656,41.6444930508
367,0.33249801427861414,0.19136315708798024,0.0,0.35866773191135554,0.10554747848221212,0.011923618239837983,0,6.44202720848,56.1082369816
368,0.330411658828311,0.17221390001741857,0.0,0.3782244672821227,0.05075770771642571,0.068392266155722,0,7.18190835261,38.679724707
369,0.3614436284414963,0.11949952851442561,0.0,0.37318431602075464,0.09733970651764935,0.04853282050567408,0,6.44728180422,34.8895237786
370,0.33417020070882125,0.09354025092086378,0.0,0.32852424902571914,0.15247785514220552,0.0912874442023903,0,6.68662184976,36.0662230492
371,0.2564804083917253,0.22595786486191463,0.0,0.28648967524218066,0.17235412839349046,0.05871792311068893,0,6.35282543521,37.1448430486
372,0.29350421315694125,0.16940421222790997,0.0,0.30878910060479936,0.19125038322541085,0.03705209078493855,0,5.90038135284,41.5116990876
373,0.4016643209171184,0.18005601928624182,0.0,0.3029291676537395,0.07429522999958195,0.04105526214331833,0,7.37902703998,46.7162486244
374,0.3819899577780771,0.2395107087616296,0.0,0.353547059561245,0.023215090273165158,0.001737183625883107,0,4.75799881304,38.503656289
375,0.49471481361908104,0.1499432112471925,0.0,0.30892152467930034,0.04489679311938645,0.0015236573350397057,0,3.51041360826,34.9857706822
376,0.19227937504790263,0.13487519770717737,0.0,0.4505238514403302,0.20308620613571596,0.019235369668873865,0,7.27364936317,64.4890852928
377,0.7219115215250552,0.09087530889429776,0.0,0.059326285278980324,0.11734731796139053,0.010539566340276101,0,3.86642404692,70.7317123414
378,0.39800397625396,0.12661070801475302,0.0,0.2150684231551761,0.24429342524549652,0.01602346733061437,0,3.37745434314,92.2228240966
379,0.9182145254458925,0.0,0.0,0.080756536543558,0.001028938010549518,0.0,0,1.13686100878,92.2228240966
380,0.6017674040527202,0.057785519363641645,0.0,0.3178052604075945,0.021657086454160136,0.000984729721883528,0,3.26239746688,36.0661468506
381,0.2741590832021034,0.19537234462607597,0.0,0.43514686139795883,0.08610542060937144,0.00921629016449034,0,1.9373208181,60.846031189
382,0.06727861419897896,0.22420552889640402,0.0,0.514570142472906,0.1238682764355295,0.07007743799618152,0,1.49379740944,82.6073394284
383,0.4271800490232489,0.13079365668870238,0.0,0.34966203669315904,0.05433642204560648,0.03802783554928322,0,0.285972797391,111.508611984
384,0.29443389525193486,0.14418295859196908,0.0,0.3838379148811707,0.12802412334662686,0.0495211079282985,0,7.13394777951,44.7349853516
385,0.14093621683351942,0.33249694187118023,0.0,0.23080922614833607,0.21940768629053037,0.07634992885643391,0,7.19560002149,40.260764278
386,0.28275114491767966,0.27532339717327775,0.0,0.3819580007288477,0.05816390718100725,0.00180354999918759,0,6.14400581871,82.9424402612
387,0.3603706489141435,0.1055843384121148,0.0,0.31358225861860856,0.20524265805037928,0.015220096004753814,0,4.89877823653,58.761551604
388,0.29383253674038345,0.20964593203696438,0.0,0.3135078796544976,0.16394184678024015,0.01907180478791438,0,6.85529009559,53.228838434
389,0.40000835604165025,0.07245384447549591,0.0,0.40364091303681765,0.10981927738808707,0.014077609057949149,0,9.13367138754,51.8060438478
390,0.43877273898419966,0.11134065128025385,0.0,0.35620559268174357,0.06649520789762611,0.02718580915617681,0,6.71952722856,46.7641202486
391,0.3697091390236542,0.21529979804545138,0.0,0.3645070684092017,0.019039439169897164,0.031444555351795536,0,7.45895344539,42.7864905834
392,0.34362727348689526,0.17245309119943553,0.0,0.34965276810665774,0.1026469468660929,0.03161992034091859,0,7.45432373365,41.4407463666
393,0.36267090693841547,0.10944079481882124,0.0,0.3848371596369461,0.10368857215812809,0.03936256644768913,0,7.24321696272,39.1179468744
394,0.24446404530894572,0.2770321712083933,0.0,0.2828861241353698,0.1579522770530616,0.03766538229422961,0,7.98109881021,37.6446230962
395,0.2026610462201259,0.28389909193886836,0.0,0.3168325564984866,0.127729754322111,0.06887755102040816,0,7.5929073538,53.367651733
396,0.37075756802050014,0.1900465617209732,0.0,0.3228612015059444,0.0881469549191553,0.028187713833426952,0,15.7449689576,43.6620131272
397,0.5367846083133307,0.17288255203376218,0.0,0.23096815529112444,0.046815296974311596,0.01254938738747104,0,6.91729035559,37.9645416396
398,0.5790482733649307,0.20890682808851588,0.0,0.20896949665535539,0.0,0.003075401891198084,0,4.47279915965,42.9381656484
399,0.10012418611668852,0.03007625259688258,0.0,0.8697995612864289,0.0,0.0,0,5.94348985495,57.0047465264
400,0.1293172485672039,0.24952356192302247,0.0,0.4409576579441552,0.18000886720318662,0.00019266436243184208,0,1.19431272722,100.030403137
401,0.6105834180582443,0.06859932312920433,0.0,0.16353764803647117,0.14887675659113384,0.008402854184946356,0,0.554467465955,92.2227783204
402,0.34449974002822553,0.20229750055708237,0.0,0.38319375324964716,0.055067592661368195,0.014941413503676743,0,2.86502570596,92.2228240966
403,0.6682922979431625,0.09684847274997853,0.0,0.20385462631758536,0.029746499012318742,0.0012581039769548777,0,0.951510705511,89.0046914908
404,0.6727639068143623,0.0,0.0,0.32718038236195324,0.0,5.571082368452818e-05,0,3.43600676595,61.694052619
405,0.1837455174254645,0.26521290053036545,0.0,0.43389696751656665,0.0931191755544466,0.024025438973156777,0,2.9470020311,28.292646408
406,0.28566221875551345,0.2524630656229397,0.0,0.3458018775942279,0.09161861251172336,0.024454225515595545,0,2.11604680275,100.593936009
407,0.22287857651840282,0.23969723627129896,0.0,0.27310244620280344,0.22074548953069764,0.04357625147679717,0,8.296704296,40.3190943234
408,0.07288363779856549,0.5292008077806922,0.0,0.23306562057519556,0.11864627097792531,0.04620366286762146,0,7.28402243443,44.31858966
409,0.11339079085724367,0.4412770333162338,0.0,0.27315226398583137,0.15896297912541696,0.013216932715274216,0,6.01797333892,86.0466849548
410,0.1985213556174559,0.42063834726090993,0.0,0.2741643454038997,0.06463324048282265,0.042042711234911795,0,5.7733127633,79.5632143676
411,0.15277758435807093,0.3930814544543011,0.0,0.2342622121334503,0.1922514518083195,0.02762729724585811,0,6.96914268298,80.5300225632
412,0.1805034541672857,0.5033264930916654,0.0,0.20286036621601544,0.07069900460555638,0.04261068191947705,0,6.518238764,81.6056459628
413,0.198343635321234,0.4050224802296999,0.0,0.2984984552820996,0.07499367489665129,0.023141754270315187,0,4.64413803801,65.7674075668
414,0.24189373945298265,0.3607097344762992,0.0,0.3129298598682943,0.07106861741514221,0.013398048787281602,0,5.54238263073,73.773375612
415,0.15688195205288666,0.41910781601084474,0.0,0.23570360810384208,0.12242344617555849,0.06588317765686802,0,7.0044912791,79.3160196296
416,0.22768432267813662,0.5391741545518063,0.0,0.1158360936567883,0.09357554542985606,0.023729883683412757,0,8.03712693799,74.8304354986
417,0.23819980084443815,0.4298626569394572,0.0,0.20197577172780215,0.1242865333237392,0.005675237164563309,0,11.7513406427,76.7101959148
418,0.12622504073797244,0.48318717183299986,0.0,0.254283870548419,0.10245309910353248,0.03385081777707624,0,9.88053944447,75.9824152186
419,0.18356863309486116,0.4331357155789953,0.0,0.18908165776071384,0.1804720541878096,0.013741939377620138,0,7.33337379198,65.1033756706
420,0.20722686305957938,0.38965316349338613,0.0,0.3082070481411764,0.08502751620682532,0.009885409099032813,0,6.69479092635,76.4596587352
421,0.2079032097068853,0.31863774904999453,0.0,0.4683428237156646,0.004665878961064285,0.0004503385663912792,0,3.79092278199,84.199158756
422,0.3054509074787203,0.05180253894417248,0.0,0.6427094141487295,0.0,3.713942837777298e-05,0,3.96562621893,99.839238596
423,0.527739027294525,0.01865516609063203,0.0,0.4530046260726662,0.00017640818998233596,0.000424772352194309,0,4.44361518904,164.974090576
424,0.015247702631499539,0.2916120226823794,0.0,0.5687283987010786,0.12090228146855175,0.003509594516490684,0,7.36916280029,72.1326065064
425,0.39102659337394147,0.08220128881295498,0.0,0.2771203201604516,0.23686116476006536,0.012790632892586539,0,3.47236402701,127.316993713
426,0.2547803521607331,0.20774280103800608,0.0,0.4699669936354816,0.05702302089474637,0.010486832271032854,0,6.57610217494,92.2228240966
427,0.509840924970346,0.05784546532870013,0.0,0.38240448650543285,0.03485119648656114,0.015057926708959779,0,1.46846941735,92.2228240966
428,0.2112997760007428,0.2908067455113102,0.0,0.4687526839289238,0.024528498972853148,0.004612295586170077,0,5.37803245559,101.293548584
429,0.2863347260909935,0.1823769730733519,0.0,0.2788231197771588,0.2397330547818013,0.012732126276694521,0,0.218837813712,87.0199520622
430,0.27008256559171234,0.23366735606730593,0.0,0.360872219475452,0.06076938968313104,0.07460846918239869,0,8.18031085751,38.202446121
431,0.20885658707793445,0.3312875175836471,0.0,0.2670810913699692,0.15076671665142363,0.042008087317025614,0,5.94481209222,60.9227558136
432,0.32890152614170487,0.22615447107294145,0.0,0.34612661753612256,0.07741890558811583,0.021398479661115303,0,8.07947382036,64.2837195468
433,0.3897352215462393,0.17096977110718573,0.0,0.3284998363559131,0.08955857878012037,0.021236592210541465,0,8.53641834711,38.5316826308
434,0.41548686021759973,0.0877177099800135,0.0,0.37381003781416045,0.10932447520955638,0.013660916778669934,0,11.1176402747,33.6592024516
435,0.46953350942590416,0.08841920554088117,0.0,0.3134084125208317,0.11019093200629476,0.01844794050608819,0,8.2163689839,31.1993733724
436,0.4583970714880954,0.2046615707093099,0.0,0.22431342691139022,0.10624676473250866,0.006381166158695818,0,8.37234888175,29.9868520266
437,0.4745415718861706,0.13281881064017456,0.0,0.3024929204772295,0.06869922473422775,0.02144747226219767,0,6.60933987571,31.1334688728
438,0.30662488393686166,0.2715181058495822,0.0,0.21717038068709377,0.14685004642525534,0.057836583101207054,0,6.38310781313,38.6350621444
439,0.636871534313919,0.15487279234781157,0.0,0.15961711204625478,0.03933328845881564,0.009305272833199096,0,12.0171390095,70.0860467896
440,0.3152925828257317,0.30245088025553407,0.0,0.15226656514633785,0.17396189273510623,0.05602807903729015,0,31.2231395598,63.6989584736
441,0.5616239314255473,0.10467213362083973,0.0,0.13345836302401637,0.14787700977877635,0.05236856215082016,0,10.4301412224,55.6524253386
442,0.3886741735781784,0.0,0.0,0.30173420333655987,0.24000993493545775,0.06958168814980398,0,19.0393413021,35.363264383
443,0.3173592508855576,0.012323526817424246,0.0,0.14308661519677254,0.32258671036810416,0.20464389673214145,0,28.6757768499,54.0911058124
444,0.2605962693703982,0.24184098864469886,0.0,0.32712412839010985,0.1702691661327911,0.00016944746200198694,0,15.5015634596,81.4741013594
445,0.04671081493241973,0.33505794750023793,0.0,0.4150842229139248,0.19991365323417382,0.003233361419243723,0,4.18416744594,103.624731291
446,0.18395017595335147,0.35523542465575353,0.0,0.2900885802096584,0.14644054262342268,0.024285276557813908,0,6.08392560382,122.483298228
447,0.0391252472167801,0.44976276474247673,0.0,0.4899372324719821,0.014452316177494684,0.0067224393912664,0,5.74816168811,138.60729381
448,0.019441001573662735,0.38541042888112115,0.0,0.4695572855014135,0.10168228724219087,0.023908996801611727,0,4.28790446757,151.176265484
449,0.059747434885556436,0.06189238126189702,0.0,0.5259877431635638,0.28326059705650214,0.06911184363248062,0,3.83339792702,164.488981394
450,0.278297846659502,0.32598144464380635,0.0,0.3658566590609978,0.010890884571014742,0.018973165064679134,0,17.9335045906,92.2228240966
451,0.657652534209213,0.24521535265375285,0.0,0.09391023781061036,0.003010642866261998,0.00021123246016179013,0,2.52930298883,98.4312310792
452,0.23536962713469622,0.17946188361625723,0.0,0.27249366874110664,0.2716626547415384,0.0410121657664015,0,2.91438229404,51.3938492956
453,0.375253017641597,0.19609795728876508,0.0,0.23728644382544103,0.17885329619312906,0.01250928505106778,0,7.92350487332,49.952436092
454,0.3105698907011236,0.13545029790848975,0.0,0.376070300368817,0.13281589092858784,0.045093620092981804,0,5.49509563907,49.5353721356
455,0.2534883666945999,0.2784797197700034,0.0,0.2712720148378905,0.13692318048975252,0.05983671820775368,0,7.27187474064,41.1022564516
456,0.40264937247428734,0.11594660402628482,0.0,0.3383555507069094,0.12897527732063813,0.014073195471880302,0,6.01018501412,52.4918180812
457,0.3660869100978847,0.20021912059292546,0.0,0.33059355219085773,0.08803819754742777,0.015062219570904313,0,7.49237475881,31.0313602448
458,0.43599337986615816,0.04985527161814919,0.0,0.3402358828895538,0.15822398428994885,0.01569148133618999,0,10.6232059764,32.2838312328
459,0.49335775284758926,0.033588438334923386,0.0,0.31092633988157,0.15457181124551128,0.007555657690406056,0,6.70103614296,30.0088939666
460,0.34337389947982794,0.3119894897857337,0.0,0.2635468723524264,0.07809544147310123,0.002994296908910703,0,6.85426960974,31.6324157714
461,0.33504637753823013,0.22893976955145168,0.0,0.266591924087537,0.08466570104825306,0.0847562277745281,0,9.69940371921,43.6109534626
462,0.10199562202728457,0.22184900868862772,0.0,0.48895873424127134,0.15243051767322124,0.034766117369595145,0,10.1772891714,55.8746476174
463,0.2545197117225852,0.08418071883667762,0.0,0.35837153434609537,0.28857915443267146,0.01434888066197036,0,18.6070999446,49.4129538648
464,0.2740029387800581,0.14458287197271996,0.0,0.3119795910313818,0.23030889688967504,0.03912570132616512,0,21.5987762695,38.4261705266
465,0.3946092995617619,0.13383207680308995,0.0,0.2869368825670356,0.14452573720567483,0.04009600386243779,0,7.25103425359,36.182955792
466,0.32706609843736945,0.16762300028782856,0.0,0.18175677557728198,0.2809508555936232,0.04260327010389683,0,9.60671987246,39.7832924448
467,0.3803058825167878,0.19482195539193953,0.0,0.21831674090511327,0.19893040929021236,0.0076250118959470215,0,8.41822139011,39.069283312
468,0.21257422478910643,0.11405198869044027,0.0,0.30047169592326584,0.36386047828852375,0.009041612308663698,0,7.13835868724,58.8960907024
469,0.3891219021932136,0.0666459314484401,0.0,0.331790571201103,0.16080625956005748,0.05163533559718589,0,7.70964709936,64.1010368852
470,0.488767618057232,0.07843633358712002,0.0,0.20602913594919314,0.20976629960446416,0.017000612801990677,0,7.81563924999,26.6060551992
471,0.03781416046296232,0.39010564287554755,0.0,0.48298130648040466,0.07870405834847989,0.010394831832605603,0,6.88292395272,54.3827224624
472,0.0,0.2855338992296104,0.0,0.4849856436896066,0.1995422692951365,0.029938187785646476,0,1.48148059048,144.47465193
473,0.16233687856012108,0.15841639315342584,0.0,0.25381487138300984,0.2753438839034943,0.15008797299994894,0,0.0,162.548544664
474,0.2551851568139982,0.42343841763057777,0.0,0.20659382493378553,0.08867981903309448,0.026102781588544025,0,7.37978663686,100.622504385
475,0.31392962761784055,0.17789709234576154,0.0,0.29727665659224595,0.18217059661926582,0.02872602682488614,0,6.62341207881,83.6879723958
476,0.38052374298434155,0.023236974899146282,0.0,0.2895279256862463,0.2989215963901565,0.007789760040109372,0,6.30921863236,60.8963948786
477,0.35460582974110416,0.12109816593197165,0.0,0.21102808554496263,0.2691397916855273,0.04412812709643423,0,6.78406655893,28.4282616566
478,0.1998444862242648,0.3325371956456143,0.0,0.24810249982591742,0.1782652090151568,0.041250609289046725,0,8.93101896641,31.1048854328
479,0.28175856826174256,0.06769420039228885,0.0,0.40013927414955724,0.21614883764116016,0.03425911955525122,0,10.8945974618,54.2750406222
480,0.37824180568547666,0.1371371139021905,0.0,0.33391904219192836,0.13015270985128255,0.020549328369121923,0,6.92311193039,36.0662689208
481,0.37711147374309717,0.20694938034034277,0.0,0.2981051576017697,0.10640411698208686,0.0114298713327035,0,7.88820742766,31.4940090334
482,0.43951730829043206,0.1971942790030499,0.0,0.27942316530264555,0.07705287883500374,0.0068123685688687525,0,10.5923085772,33.5958935372
483,0.3336002878466056,0.2370672145037548,0.0,0.3046508118899219,0.09550471813085414,0.029176967628863588,0,13.9214435188,46.1000998462
484,0.27480595324308765,0.27225038530815365,0.0,0.3486644198094814,0.09658700536646055,0.007692236272816742,0,9.6573298667,41.6229168618
485,0.38110945014948655,0.18180024512079626,0.0,0.36075467493639857,0.07111984921357078,0.005215780579747822,0,7.5326418129,44.7919977802
486,0.34016782535021645,0.1355949907730876,0.0,0.3085409872215968,0.17076403477211266,0.0449321618829865,0,7.00719535127,33.8321107084
487,0.34405502206314165,0.1261812079134837,0.0,0.3699365612139022,0.0939325780102087,0.0658946307992637,0,9.64355879386,32.5918454876
488,0.3690528969242304,0.06288719856830827,0.0,0.31260227612988284,0.2220630937818434,0.0333945345957351,0,7.39919259843,40.2223492752
489,0.2979280504733033,0.16196535763529418,0.0,0.2845692452681278,0.20635930195310143,0.0491780446701733,0,5.91837098955,32.6424077674
490,0.30974001857010214,0.07227483751160631,0.0,0.2777506963788301,0.2932729805013928,0.04696146703806871,0,7.15443875149,34.435360395
491,0.28537043355546116,0.10959234784707764,0.0,0.37753607546311446,0.15964422409611148,0.06785691903823524,0,7.15841034769,31.0853119554
492,0.21495309747044364,0.22240689714406423,0.0,0.4985480063233106,0.03536318412579767,0.028728814936383875,0,7.62415105929,43.1788289938
493,0.28682015797890986,0.3381783912891088,0.0,0.275901368794639,0.06839330852775076,0.030706773409591544,0,9.23908228396,50.7400822884
494,0.15168832736397167,0.12230421228798707,0.0,0.4641965966514318,0.26035314790012326,0.0014577157964861622,0,5.42560231985,58.23216457
495,0.0065016004475218015,0.45261445114747095,0.0,0.4102298655809775,0.12540127246603547,0.00525281035799423,0,7.24376911959,83.466262553
496,0.05768864705254215,0.42695077278783966,0.0,0.1185575865062747,0.23434112234143806,0.16246187131190543,0,13.6762987699,140.054483889
497,0.2631197805207526,0.4308904971242091,0.0,0.17493350168740918,0.08493911864784444,0.0461171020197847,0,2.67861336315,139.825533549
498,0.4280046706951025,0.20886039218053212,0.0,0.2787165338428074,0.07871931954565187,0.005699083735906085,0,10.4683143135,91.9264734686
499,0.42412502843454486,0.07677094987628072,0.0,0.30947926483354765,0.17786097944820733,0.011763777407419443,0,8.44919027415,28.8281682546
500,0.3885863636152621,0.0686949013272426,0.0,0.28687287903476644,0.23181482667855102,0.02403102934417782,0,6.50897619131,30.0089263916
501,0.18210706882664396,0.3786312664371749,0.0,0.2414027627220542,0.14110727077322327,0.0567516312409037,0,8.09257775387,38.1643543924
502,0.34999292019786304,0.15707643632936633,0.0,0.4358465470296168,0.05069602579369224,0.006388070649461587,0,12.5519765661,58.0889416824
503,0.4667887599868158,0.04409054403483605,0.0,0.3188260471939427,0.16945438677121197,0.0008402620131935063,0,13.2250184047,40.6887964786
504,0.4242261759688033,0.1292759072919931,0.0,0.24892355187261353,0.1836612002831842,0.013913164583405871,0,6.36150244412,27.9378125574
505,0.3360221917871817,0.3432995194874533,0.0,0.28815432113094547,0.028287564706701643,0.004236402887717913,0,7.82727207512,38.3775172968
506,0.3068306575340558,0.29675724229813133,0.0,0.28939482913491643,0.10395578838400601,0.0030614826488904157,0,8.40757010242,41.923986685
507,0.457883680172704,0.01247228960410404,0.0,0.24354971622233312,0.25094766652352046,0.03514664747733841,0,7.18022599315,47.6753331064
508,0.41308066728719023,0.04711955600843974,0.0,0.3213344815340085,0.19450627757828692,0.02395901759207463,0,7.09263887944,31.3305604598
509,0.4062692228234251,0.03314275898728653,0.0,0.3216992453627296,0.21926031155771897,0.01962846126883982,0,7.43730615786,28.2927131652
510,0.3107008397821858,0.24123660131932614,0.0,0.33232673979750527,0.08368111488164595,0.03205470421933681,0,7.02823458788,28.4445120204
511,0.32152780840647466,0.1871249596668423,0.0,0.30891368588188595,0.17173916575941242,0.010694380285384657,0,7.92894386671,30.383655228
512,0.25316834716728875,0.21023434163370658,0.0,0.38260635433494883,0.10938573524223348,0.044605221621822365,0,7.05193364216,31.4155085816
513,0.22774467452942965,0.19163801888084456,0.0,0.20617585136731761,0.3017963960659878,0.07264505915642039,0,7.36245312555,40.8599006708
514,0.21692533391519925,0.16317856628860858,0.0,0.5067479421910037,0.0949099113737761,0.018238246231412403,0,7.52935005034,34.875762646
515,0.31110048535463847,0.11865771936706598,0.0,0.510587973139532,0.022733444903776295,0.03692037723498731,0,5.90185330548,44.873996628
516,0.20232772988305642,0.12125179315051322,0.0,0.3491850159932777,0.19511102445184142,0.13212443652131123,0,12.8644226231,44.2291736792
517,0.32328711795714576,0.20320606115471126,0.0,0.25265488882544235,0.11809177616995002,0.10276015589275062,0,6.61964034851,46.4606952258
518,0.3039459420562353,0.1896879504731927,0.0,0.47212027938913226,0.027676608704331737,0.006569219377108012,0,13.2570785962,51.5152803486
519,0.05590771409008089,0.2742325948448942,0.0,0.40124409576752124,0.22617939582438754,0.04243619947311616,0,7.68358462524,43.9787412062
520,0.2390541829839292,0.3630893655941186,0.0,0.24207660040716744,0.08159830633198771,0.07418154468279706,0,14.9511986895,114.342188378
521,0.45627155782720313,0.11655269742675561,0.0,0.2997367798002869,0.1164389603034228,0.011000004642331565,0,5.91252130907,98.3276840878
522,0.33243423923640447,0.18841514934865972,0.0,0.250545491685314,0.21450822183638035,0.014096897893241474,0,6.87067023202,24.4245202874
523,0.3181976444590937,0.07526449929668023,0.0,0.35091942230289636,0.17751744372281308,0.07810099021851657,0,9.31387686743,35.9262658754
524,0.3391766576525342,0.25803089564884346,0.0,0.18086837432248928,0.1574354986594863,0.06448857371664675,0,11.0448117688,41.0744435558
525,0.3603121402309949,0.188713930255877,0.0,0.3574363092806477,0.0810942548371523,0.01244336539532811,0,12.07047404,52.0346924484
526,0.3845673509939924,0.1453986647724635,0.0,0.26792529039806123,0.19809279738525679,0.004015896450226097,0,12.906537678,36.9442206272
527,0.39131565081553593,0.17579226639369946,0.0,0.24357911986648748,0.1768599952184318,0.012452967705845351,0,7.86206431437,34.7762415058
528,0.32952580353889044,0.19572993386921936,0.0,0.30149740142474807,0.16410600422921315,0.009140856937928986,0,6.39189989546,44.7346382142
529,0.44313294011415894,0.12427722183921654,0.0,0.2616230620492429,0.1676845333017644,0.0032822426956172542,0,6.12814170208,49.081757392
530,0.2998312477223085,0.17213428688815693,0.0,0.40998679229078316,0.10107263311583556,0.016975039982915864,0,7.01111962,40.1019471082
531,0.37282360177802537,0.1444448313081021,0.0,0.2856933950767731,0.17934148068196326,0.017696691155136196,0,7.11647333693,46.9381386246
532,0.29329266594245285,0.21665598915536244,0.0,0.30278636621078336,0.15081520477609722,0.03644977391530412,0,8.02267427899,36.63907418
533,0.33721842559750415,0.1662031792605248,0.0,0.31488514178536275,0.15412078218722725,0.02757247116938105,0,7.22530523752,30.2912110438
534,0.35438093182277125,0.0730700758762676,0.0,0.28049151295281466,0.24947021235606373,0.04258726699208278,0,9.09107211039,30.6695177376
535,0.39052217411994106,0.11472510126626353,0.0,0.22511171206722455,0.14796596989287247,0.1216750426536984,0,7.4659307186,31.6323579488
536,0.2611347873318292,0.11137108529938813,0.0,0.10490422736599724,0.3895875695198834,0.13300233048290205,0,6.21090300933,40.0118246078
537,0.45819415848639666,0.1507266493815182,0.0,0.2873659801352327,0.06615399256754091,0.037559219429311556,0,9.44561748495,36.9834372564
538,0.2197091559021854,0.2187435442127131,0.0,0.3580492786927103,0.0794331673688242,0.12406485382356695,0,9.96572719831,35.1912335006
539,0.1855624395011061,0.15233998695429127,0.0,0.33196918241475604,0.17225210251791465,0.15787628861193195,0,6.68921855001,39.7639527598
540,0.242780080868665,0.14389701547274744,0.0,0.3123006717391405,0.229008732144598,0.07201349977484901,0,6.72774215397,38.4566921574
541,0.15362277798153212,0.2506209349074517,0.0,0.2741770001067776,0.2592397435480801,0.06233954345615851,0,7.57151846607,40.6491369924
542,0.022855047098202887,0.3776560925900994,0.0,0.3017859712814704,0.23723427467839053,0.06046861435183681,0,6.58675062976,52.3096875396
543,0.3337867354352312,0.07879447654108357,0.0,0.4051395372048921,0.09191605716580357,0.09036319365298955,0,7.09448639791,78.211608581
544,0.42103797039344637,0.0454474758753247,0.0,0.29934561020281675,0.2228616263872994,0.011307317141112811,0,6.07853300433,39.3131231282
545,0.4441140559787932,0.0340431656012219,0.0,0.28084799190354826,0.22332325919323315,0.017671527323203484,0,6.63156696217,26.7537071922
546,0.41272593490103776,0.2019423380011652,0.0,0.25076307793724073,0.13098015184960807,0.0035884973109481665,0,6.95260374375,25.536765393
547,0.439717744275385,0.06458456646124207,0.0,0.2785998630502652,0.19879762775205134,0.01830019846105637,0,8.11496834857,31.620523847
548,0.2470507671951531,0.3204043733605701,0.0,0.23241950834513336,0.19042921144873373,0.009696139650409712,0,7.96538791186,37.0697006756
549,0.342762244741643,0.27024542867620777,0.0,0.2211155933320645,0.16064738950603244,0.0052293437440522885,0,7.32016682189,54.6045741736
550,0.340219036388453,0.25804557145377394,0.0,0.32214551667146396,0.07564601342630851,0.003943862060000557,0,8.19731107556,43.8596602
551,0.41477183046283833,0.17258019590548257,0.0,0.30515760642495704,0.09394642774244465,0.013543939464277425,0,6.88630538573,44.7126325608
552,0.2930756731662024,0.20207753017641597,0.0,0.3314020427112349,0.12571959145775302,0.04772516248839369,0,7.53736374422,40.3730298982
553,0.27591457399571523,0.12630301117148568,0.0,0.48142534509051155,0.09469418261073419,0.021662887131553354,0,7.55186341911,39.1815558106
554,0.3617812009619581,0.08870256367401134,0.0,0.321643128406548,0.20957176151610538,0.0183013454413772,0,19.0842810456,58.661598381
555,0.37525793775140953,0.05576329844645456,0.0,0.2899580104033926,0.2606929560072513,0.018327797391492057,0,7.48886168477,42.0276003272
556,0.3873893949100768,0.03323491453348561,0.0,0.30377519660547986,0.24052719051465604,0.03507330343630168,0,6.8604561272,35.518178854
557,0.2856764824675837,0.14683079465740642,0.0,0.4360936114502718,0.1120027297923408,0.01939638163239725,0,6.89379468517,35.1633201176
558,0.3802566798743759,0.23789660847382482,0.0,0.27656571705790733,0.06390535016677924,0.04137564442711271,0,6.80256739845,27.2452273862
559,0.2765542598232192,0.2351421488524103,0.0,0.25477001782663594,0.16682760157468618,0.06670597192304835,0,12.632200343,44.0969972138
560,0.32517269874282745,0.18351794767042395,0.0,0.27305203245993576,0.06997084548104957,0.1482864756457633,0,6.01019039412,41.2024197388
561,0.17065312262066148,0.1912338204980594,0.0,0.3262270422849078,0.15631673754387268,0.15556927705249865,0,9.53147145808,38.1955558232
562,0.22523883798011307,0.05957255196873056,0.0,0.3497665004781402,0.20417049643019616,0.16125161314282,0,6.43829740946,39.8761671762
563,0.23288361274507527,0.08671590998778976,0.0,0.30890976029861694,0.264446848319119,0.10704386864939901,0,7.31813437271,35.8648774398
564,0.1781370409915974,0.09985608838958265,0.0,0.29556891509214983,0.2759342648902094,0.1505036906364607,0,10.0504063039,34.7711486294
565,0.00869999187567461,0.2706839521361173,0.0,0.3848075115191328,0.14793468042385766,0.18787386404521766,0,7.25658109346,59.7624896
566,0.24496011030307813,0.16154572865721323,0.0,0.3598823619528659,0.14357505460605877,0.09003674448078401,0,19.5776511803,25.534522967
567,0.4272542410652107,0.19336657474210053,0.0,0.28315784097978586,0.07674076343816448,0.019480579774738386,0,6.42455831772,39.3013748346
568,0.46623417317534555,0.0472292176819432,0.0,0.30474543618786776,0.1622129121357364,0.019578260819107084,0,7.62382883656,28.4933890992
569,0.4848358933765411,0.017974079997771522,0.0,0.28336509690403844,0.20566776620464405,0.008157163517004924,0,6.81729057348,25.9334891002
570,0.32637912064955504,0.22615350333551523,0.0,0.37722425711089136,0.0635047746380142,0.006738344266024168,0,6.16911969817,30.0089238484
571,0.18318133601349987,0.49469963023914915,0.0,0.24072986567444796,0.06809124017278718,0.013297927900115827,0,7.36545029952,40.4967430962
572,0.4477924791086351,0.18960074280408543,0.0,0.27645078922934074,0.08202414113277623,0.004131847725162488,0,9.20332025097,59.5917731042
573,0.36715318979044226,0.07322219436784491,0.0,0.29482233549668996,0.24802698160682618,0.016775298738196706,0,5.9719084638,46.8700787554
574,0.4857269528239696,0.04078112958784806,0.0,0.28936519874098215,0.16069422393062402,0.02343249491657614,0,6.8118363768,44.215647761
575,0.4509318298403738,0.11423358765514056,0.0,0.33213716201003207,0.10040643518507772,0.002290985309375863,0,6.46276863266,28.2927341462
576,0.45545942658436767,0.1394772822763918,0.0,0.23101904189309333,0.1689419597155903,0.005102289530556864,0,7.18555106179,35.7056773504
577,0.3454407457095242,0.16543573222417707,0.0,0.33219678858410817,0.12879318908731355,0.02813354439487696,0,7.1220138366,35.06799584
578,0.2851153915792699,0.16523442759184204,0.0,0.3354317841009856,0.1889952042043297,0.025223192523572753,0,6.91315464845,46.571693874
579,0.2639213210341354,0.1344988788665178,0.0,0.3138709512689931,0.2011958757143454,0.08651297311600831,0,7.79972942577,43.8688501012
580,0.2659062315752334,0.1999066865363992,0.0,0.3862411387028036,0.10980348463113328,0.03814245855443053,0,9.20036117894,34.4312130424
581,0.3357682023285611,0.18645432937812192,0.0,0.3666462406922548,0.09242289194659536,0.01870833565446679,0,13.2033078985,34.6578086006
582,0.36375897193050877,0.06899913646619683,0.0,0.23940314029174442,0.30929830914510154,0.01854044216644846,0,10.2542867996,42.3770743378
583,0.197708075586618,0.06724664996970872,0.0,0.47770399032535854,0.20235041792686917,0.05499086619144555,0,5.77409440626,32.6749719318
584,0.06898736821581271,0.09312981351754104,0.0,0.20205516018365063,0.1943279992943656,0.44149965878863,0,6.46661577547,53.8358380186
585,0.1564265651477518,0.11907658023631003,0.0,0.21230762088256458,0.36545416560272986,0.14673506813064371,0,6.19738564791,102.254603466
586,0.21017594354951025,0.15661761292419107,0.0,0.2378789285548489,0.27685112111786825,0.11847639385358154,0,7.25934079945,51.1998401014
587,0.08263541995506118,0.18212753709309018,0.0,0.5367588345620323,0.14214917086033685,0.056329037529479487,0,6.93026638784,37.4316200768
588,0.16438333905906166,0.32404759472985395,0.0,0.3150202876482113,0.09732964410729705,0.09921913445557609,0,5.88191148051,72.8920742926
589,0.2762471593480951,0.16104958460906363,0.0,0.3050146355957187,0.18356588571468366,0.07412273473243902,0,6.19621633476,35.7351223544
590,0.4151116393187669,0.14066623801377415,0.0,0.35495244970485623,0.07457863962284736,0.01469103333975539,0,7.22215197487,36.7472863078
591,0.41244144424377766,0.18112473478711008,0.0,0.3233299132283779,0.07094009554628052,0.012163812194453859,0,6.74196306335,26.953904856
592,0.469042960363384,0.08512460571118213,0.0,0.3158604490308445,0.11938798483888413,0.010584000055705263,0,7.74016237512,31.3378783248
593,0.3091852367688022,0.2608820798514392,0.0,0.38173398328690805,0.0450510677808728,0.003147632311977716,0,7.42563834785,30.0089206696
594,0.37361571154341633,0.37642897100160855,0.0,0.23282507421944817,0.011111446391391241,0.006018796844135677,0,13.0679647483,60.845691681
595,0.2398131856398067,0.21667262454677555,0.0,0.25644263489955943,0.12938890720098792,0.1576826477128704,0,3.39670555225,56.3089001632
596,0.22553136177630465,0.16985240015133685,0.0,0.28546261028208536,0.12219754100833978,0.19695608678193335,0,6.47318248096,38.565155357
597,0.46241913131889945,0.18770354998131344,0.0,0.25645846825955043,0.09221408989509994,0.0012047605451367368,0,6.75224442706,35.854529405
598,0.30708630346527643,0.2499019305180622,0.0,0.30102108319773824,0.11055041931957188,0.03144026349935123,0,7.52255377694,36.8660454068
599,0.3429615289983241,0.14733599803165143,0.0,0.24834384821432717,0.21279055192679971,0.048568072828897586,0,7.67143940014,36.2560920008
600,0.21739655244453318,0.1058198970283056,0.0,0.24696725611539516,0.24679083932608786,0.18302545508567822,0,6.71405683025,90.1320508576
601,0.29913581593784744,0.1106146314741267,0.0,0.45402276172149736,0.10281770892572381,0.03340908194080467,0,7.20593451978,77.7052133084
602,0.3631790907930318,0.09078142590206933,0.0,0.39095435395703493,0.13826584496825783,0.016819284379606097,0,8.35162110864,58.0395115728
603,0.27414806028629723,0.12834166258521718,0.0,0.3741896098289041,0.1586844347057062,0.06463623259387527,0,9.00259615624,35.792981926
604,0.32405737352915914,0.1428627803273513,0.0,0.40128972053733714,0.06296556799004621,0.06882455761610619,0,10.8459273875,39.0198482668
605,0.21801335078777076,0.11083335654402139,0.0,0.20304013592178927,0.3311886657568077,0.1369244909896109,0,11.9194945196,48.2760701596
606,0.21928810521966416,0.13284539710395224,0.0,0.24975742466236764,0.3473562770140717,0.05075279599994429,0,7.01388536417,49.3023210798
607,0.048847746559952464,0.1752335146979629,0.0,0.10730070007984996,0.31375229800746507,0.35486574065476967,0,8.61566917403,50.6325329072
608,0.19615889920011884,0.10777737028044586,0.0,0.2694294985771122,0.30350684982382187,0.12312738211850126,0,6.50103756143,83.465512159
609,0.2665645346610494,0.10205772779499321,0.0,0.33150888432389775,0.10896324408388751,0.19090560913617213,0,7.13324157023,38.7464654004
610,0.2535180207158145,0.23600800404845143,0.0,0.4004322371872548,0.07360799662010019,0.03643374142837909,0,6.26620987761,33.6164596718
611,0.35431444275262747,0.2448355739592231,0.0,0.19886637947042002,0.1162889478961637,0.08569465592156572,0,5.28821262802,109.367185805
612,0.34523740439409945,0.08413319251169322,0.0,0.33050916307842293,0.17058994208516615,0.06953029793061827,0,6.95871796251,71.1638922692
613,0.4893684190978477,0.05985022934502034,0.0,0.35446108562833106,0.08431447194933982,0.012005793979461086,0,7.37982372114,33.2541600686
614,0.4315328426491376,0.11117455498378699,0.0,0.3091101532633749,0.13463408746434183,0.013548361639358722,0,6.18917343331,30.0089263916
615,0.29363878198134624,0.366341069364296,0.0,0.2870208311087795,0.047583786368553246,0.005415531177024963,0,6.99637500434,24.5482174734
616,0.5392168241220028,0.128864232492282,0.0,0.31230472830249995,0.017803672152456998,0.001810542930758339,0,10.1700341046,47.6272136214
617,0.28620471943808695,0.32359440501005077,0.0,0.32884028838431434,0.045056567335323365,0.01630401983222458,0,6.91335091249,54.9918894224
618,0.25944942203240334,0.16723921823499374,0.0,0.30469801773362426,0.13845921730653174,0.13015412469244697,0,6.77996856905,51.64004545
619,0.23446498833524845,0.15025592813120234,0.0,0.28114256531680537,0.2554708265143865,0.07866569170235732,0,9.81759452725,33.3544324038
620,0.242959135831697,0.16517191917222554,0.0,0.364822835285325,0.09846765171454964,0.1285784579962028,0,7.65538237753,34.5325226266
621,0.2378149134270984,0.07027969349548391,0.0,0.30681557035513574,0.2390707369896911,0.14601908573259081,0,6.75337249703,44.6936477934
622,0.0,0.0,0.0,0.12211653180693471,0.1063465314819715,0.7715369367110938,0,7.52421539791,129.956115773
623,0.05623478125631092,0.04326359502415268,0.0,0.6644576033946068,0.220816571920678,0.015227448404251614,0,0.0,186.016218797
624,0.14115145719405425,0.2606237291912318,0.0,0.45551356922019925,0.11277354303805695,0.029937701356457798,0,4.96771555946,166.005737077
625,0.15020880388683966,0.1864030251609264,0.0,0.46333803016339864,0.1755577582424725,0.02449238254636282,0,13.7434839942,51.1230165632
626,0.28835476533122884,0.206722064899494,0.0,0.3844807576249942,0.0885752750568683,0.0318671370874147,0,12.7203266689,44.782251825
627,0.20980369855414246,0.20106681026978973,0.0,0.3803796043331623,0.11113303328327341,0.09761685355963205,0,7.75953894679,46.0312663348
628,0.4281555832048877,0.15549035265278835,0.0,0.2895318390313655,0.05902848706568367,0.06779373804527475,0,3.70830039742,67.9678555556
629,0.08584175146698358,0.14750380672955507,0.0,0.31124424348213625,0.41967336403476196,0.03573683428656317,0,8.70391465174,72.5702322936
630,0.2590636772799335,0.03791436191572678,0.0,0.34185830046911303,0.2466940412661642,0.11446961906906244,0,5.64993567678,61.8930509502
631,0.219778740314666,0.026443457147764887,0.0,0.2600961917893437,0.3522560038625274,0.14142560688569797,0,6.84252455011,43.0663769322
632,0.25841937640439006,0.12719131274489778,0.0,0.24744424223291053,0.264763505357574,0.10218156326022768,0,7.44825521856,40.4943868206
633,0.016309847647872546,0.3663901551373583,0.0,0.39452098671444885,0.17582233940823128,0.046956671092089015,0,7.13277537349,49.147161995
634,0.14416242240782956,0.24047421177497458,0.0,0.3231084224356861,0.21016393594844676,0.08209100743306297,0,1.09690810555,92.0312649796
635,0.3435286908362483,0.13035000940074323,0.0,0.31919121111748144,0.17481436433566921,0.032115724309857784,0,6.53768335822,65.3086919526
636,0.4516871094439131,0.1629541592772449,0.0,0.31682513300959153,0.044408490329529524,0.024125107939720888,0,9.35121846504,30.4355695406
637,0.41336032106737725,0.17483687818148477,0.0,0.2532769438248149,0.14787158233386644,0.010654274592456587,0,7.47636731521,25.6402175682
638,0.548404019489277,0.15526194228889906,0.0,0.2309697516950982,0.05556161661648882,0.009802669910236978,0,7.74965308281,46.4310191826
639,0.3606649459650165,0.25501587625803096,0.0,0.3437024176477142,0.034038790062019535,0.006577970067218776,0,6.19298224391,44.5228523722
640,0.2707305183500081,0.2161169015065345,0.0,0.2221082197822605,0.2661273474314631,0.024917012929733744,0,8.60920271668,41.9755273744
641,0.330627602631298,0.09387810052598106,0.0,0.3475792337296374,0.19870059933056958,0.029214463782514032,0,9.45072097557,52.6162626094
642,0.3351329771183726,0.09964811780161828,0.0,0.3399655545394196,0.14478002720355782,0.08047332333703165,0,7.6593242035,31.1467027396
643,0.2287471854035609,0.19423617075605284,0.0,0.26875972051347524,0.21931335453469208,0.08894356879221894,0,7.24107738652,35.9794017436
644,0.24415182281148884,0.1481344790607635,0.0,0.3125310455923383,0.21607732267454005,0.07910532986086932,0,6.18037050661,38.15576994
645,0.11976824889103473,0.11678315347707906,0.0,0.2436914906210902,0.24347329546641536,0.27628381154438064,0,7.21081969795,56.5628636528
646,0.15799295766474863,0.18504583088646614,0.0,0.45142900912903905,0.2033874700282947,0.002144732291451478,0,6.83138458584,118.190694264
647,0.30394885592049825,0.1310450969513653,0.0,0.33733225312976606,0.14389379339481828,0.08378000060355213,0,6.48781677066,121.115634194
648,0.3550690158596055,0.047511506511652736,0.0,0.4681798242051049,0.09023704690571739,0.03900260651791952,0,8.52071804934,39.141622512
649,0.2148749970983542,0.13370319645302817,0.0,0.5000812460827782,0.11375380115601569,0.037586759209823815,0,8.88147434732,31.632112503
650,0.13563952638163834,0.0,0.0,0.31202313775646395,0.3704130117383261,0.1819243241235716,0,10.7801781391,57.1149443678
651,0.08372542147056844,0.056103228082718025,0.0,0.30875577106540425,0.4534983856104621,0.09791719377084722,0,17.2000682955,72.554739373
652,0.1532080044009814,0.2733993635289557,0.0,0.21254233275226142,0.2695949286581417,0.09125537065965976,0,39.0431330361,74.43971872
653,0.08150607024304185,0.14093177650363287,0.0,0.26589057313308107,0.25269156665660764,0.2589800134636366,0,36.7895097438,73.6533155324
654,0.129461518999682,0.15383579799592872,0.0,0.18746445756145796,0.14826506477137943,0.3809731606715519,0,14.6527700456,58.2003082406
655,0.11598794833941488,0.24023007715662517,0.0,0.24592861851573308,0.17200077992256482,0.22585257606566206,0,10.300411922,73.6383264438
656,0.12015655032173599,0.35964790105573974,0.0,0.41307789446316984,0.05979043055981132,0.04732722359954316,0,7.15876937798,91.4908622994
657,0.43992080274265766,0.06107612639065231,0.0,0.29651852384854105,0.1074014154304668,0.09508313158768218,0,3.06637384693,109.61584881
658,0.3561828580978821,0.05471397665759835,0.0,0.3728725824272755,0.11642881681692835,0.09980176600031569,0,5.44315593602,44.734489441
659,0.38058561632706117,0.23473632408993625,0.0,0.2677428190736176,0.11480661290547223,0.002128627603912775,0,7.12737046695,36.0661201478
660,0.5021041612021921,0.24471870626002465,0.0,0.2173263109516194,0.029896962255085154,0.0059538593310786815,0,10.9555486406,37.5766041228
661,0.5669604413816155,0.17612788368471016,0.0,0.2451088482901569,0.009634913155799632,0.002167913487717865,0,5.84643401114,42.087333115
662,0.4097135654244984,0.1293354597136815,0.0,0.3177615436221357,0.1086705712209741,0.03451886001871029,0,5.81997292287,37.7658888076
663,0.17262124429899384,0.3704812635634625,0.0,0.24946094303055624,0.18002065708085274,0.02741589202613469,0,7.45430884919,37.7510880346
664,0.34051927250780534,0.1748232918209357,0.0,0.2820854466741722,0.17580983994707458,0.026762149050012188,0,7.87779605889,43.521906029
665,0.22010942102489944,0.16890390958490112,0.0,0.28903723889483374,0.18114123761353534,0.1408081928818304,0,8.04519955667,32.7829874312
666,0.21224486953615176,0.19908358460477846,0.0,0.31854719841043244,0.14423329131935497,0.12589105612928236,0,6.5758864117,42.5510751812
667,0.3815723504015598,0.035782925583770483,0.0,0.27330439626758274,0.27208346873404204,0.03725685901304489,0,6.35058807424,37.8130333356
668,0.21433993272933655,0.12210159309373092,0.0,0.3590113208773506,0.1652448833209145,0.13930226997866746,0,7.34904893285,31.5722872924
669,0.28746149685823646,0.08357299870708365,0.0,0.244026935370431,0.3238558154541804,0.0610827536100685,0,6.81185377879,30.2492346536
670,0.10854498103642769,0.0819100982763343,0.0,0.2226490508929359,0.5046793833241262,0.0822164864701759,0,6.31292291894,82.1693387384
671,0.2079774923570117,0.18232444340242393,0.0,0.4569474009197121,0.059449333429281756,0.09330132989157054,0,6.87922642841,86.8640162472
672,0.1956441002929311,0.24516617225835505,0.0,0.22242571108913742,0.2990497147287254,0.03771430163085108,0,7.13511337319,53.7294703358
673,0.14257926292846315,0.1403369907593318,0.0,0.24307530181308362,0.3219540728808091,0.15205437161831237,0,18.352704441,53.812896332
674,0.11459450425481539,0.13935274810471535,0.0,0.18796859839463703,0.4208297934569156,0.1372543557889166,0,20.8016437463,63.3936832908
675,0.21991977678633606,0.24816039071676285,0.0,0.20046054067103375,0.24428618517263312,0.08717310665323423,0,38.2997564891,66.6949413984
676,0.08596330381700651,0.0,0.0,0.2870031450555317,0.514911741153806,0.11212180997365581,0,8.18971418207,68.6283590094
677,0.12501799037108913,0.11260811632690013,0.0,0.20426383401503298,0.46364087969432616,0.09446917959265157,0,12.2155545817,85.6405511918
678,0.11714227353546044,0.09053242900714455,0.0,0.20342464799520912,0.5667474432358908,0.022153206226295095,0,30.7766090629,72.0037424104
679,0.2381977038388509,0.24296318992771687,0.0,0.2989605530099395,0.06242485016457524,0.15745370305891748,0,8.95217663782,125.226761426
680,0.27587143377753226,0.19514963568880234,0.0,0.25342782135172337,0.043508436374946904,0.23204267280699514,0,7.614611958,64.9442599262
681,0.09854453445994568,0.2436245038185659,0.0,0.2858608602799508,0.025982497272452935,0.3459876041690847,0,12.942920234,37.892974634
682,0.45302402881972814,0.15307927282180792,0.0,0.2821111565030082,0.11052514298447597,0.0012603988709797222,0,16.7918571188,41.7730523838
683,0.5282638266658619,0.19786303557583831,0.0,0.24696493484185164,0.021374286788703754,0.005533916127744325,0,6.08882206262,49.8820449466
684,0.43494227046299694,0.22901936388410454,0.0,0.27524477602239544,0.05165482054400861,0.009138769086494492,0,8.43104780466,33.661955535
685,0.33296118949858067,0.24534568758022177,0.0,0.3397340525535179,0.04800191255625678,0.03395715781142288,0,9.18799542289,33.0176526184
686,0.341621322983212,0.22297021244985887,0.0,0.3681659485960481,0.04093466795424157,0.02630784801663943,0,9.87409295677,32.7081005426
687,0.4405982995257891,0.07191617864495928,0.0,0.2491614847001423,0.18375148843719316,0.054572548691916134,0,9.27188941136,53.1026988952
688,0.4079352662768592,0.044288562734006325,0.0,0.2635912267792605,0.25542059046774573,0.02876435374212822,0,7.64362131071,31.6321659088
689,0.29272617967174147,0.10973517881059099,0.0,0.31123511265751974,0.21636696617372958,0.0699365626864182,0,8.29328888437,50.0148200988
690,0.2655343231473486,0.19832957278290017,0.0,0.3515023631113216,0.16691504870144944,0.01771869225698023,0,7.00529779439,41.0020959892
691,0.2642971703915866,0.1605642040957485,0.0,0.24981373466067214,0.23474539094831687,0.09057949990367586,0,7.64207782086,35.0350793988
692,0.23405401139281054,0.1941675680945594,0.0,0.3108185274769149,0.1691488818425341,0.09181101119318102,0,10.4874645682,39.606246482
693,0.14555275460416056,0.15942210647019772,0.0,0.434942874518925,0.18251138563529756,0.07757087877141916,0,9.55952061565,65.1889930398
694,0.2696337630624817,0.22947490100136023,0.0,0.3557962368910945,0.06717516143857906,0.07791993760648447,0,5.72359934541,66.5160903688
695,0.1850135904572011,0.04229870223319878,0.0,0.1388246053428718,0.559673829027174,0.07418927293955438,0,7.00510928355,45.8571010872
696,0.1497000844963184,0.0,0.0,0.21846476689229968,0.4592328477116354,0.1726023008997465,0,19.7612531582,51.7793529964
697,0.20880868101897523,0.0,0.0,0.15999767887193175,0.5113607613300064,0.11983287877908663,0,9.95977186838,50.9722854384
698,0.1580766463174021,0.2568185511014136,0.0,0.3123116919291567,0.18057612404540285,0.09221698660662472,0,15.4647940442,43.4069973352
699,0.010872971473538336,0.1374279526361849,0.0,0.39453519439730916,0.40323078601555734,0.053933095477410264,0,29.4372916594,55.670731248
700,0.1582861559673275,0.28126298393068117,0.0,0.2178654243873906,0.22562966986288968,0.11695576585171104,0,36.430485605,77.8391982424
701,0.4249874071787206,0.14121601389040414,0.0,0.2983419258543968,0.11168962003337968,0.023765033043098786,0,17.0552707135,63.7110877312
702,0.3512233732652147,0.2331802134084774,0.0,0.28221263320621054,0.06353277609750776,0.06985100402258963,0,17.6796252177,83.1825947762
703,0.2383452764797779,0.15137735003748917,0.0,0.37518193277018325,0.10047099405512186,0.13462444665742784,0,6.37742634946,63.8798467796
704,0.23844748710069005,0.10660876387125526,0.0,0.45863981041554,0.10619561458277725,0.09010832402973747,0,7.29745547119,41.2694526086
705,0.30301616374057233,0.2736925430441131,0.0,0.2839878452756518,0.13513425677667668,0.0041691911629861255,0,6.58888100829,58.167787836
706,0.41222933247917404,0.03537333491167111,0.0,0.23261449331875692,0.15168290265601753,0.1680999366343804,0,7.96340684029,40.02166725
707,0.4047195147711156,0.11412070834503618,0.0,0.2658266926953369,0.20110629585870238,0.01422678832980894,0,11.4641612988,31.208656311
708,0.44200249301885086,0.0623185075312846,0.0,0.29864462410893144,0.17730610046819545,0.019728274872737653,0,9.58712838418,29.1040423306
709,0.332693459358331,0.24876164655744706,0.0,0.2763721698923433,0.12846611298611466,0.013706611205763972,0,7.84798219041,35.3040941152
710,0.21640410474004165,0.16527126240950377,0.0,0.39796294963778295,0.1794117715328247,0.04094991167984699,0,12.8585718579,45.723709038
711,0.15841531297731187,0.22454143241147823,0.0,0.31710685750630224,0.17833648252777404,0.1215999145771336,0,6.46202357798,38.9574239706
712,0.19213154785531408,0.20155799902044758,0.0,0.2745392969970451,0.24462348743874895,0.0871476686884443,0,7.12756498423,41.8700271758
713,0.31885884589405955,0.16417726836990254,0.0,0.31479456951398127,0.13633082420553957,0.06583849201651706,0,8.11363721528,39.2565296536
714,0.37905011722649085,0.09716799368601871,0.0,0.2811114464124051,0.21195013811834074,0.030720304556744585,0,8.50303801253,38.7674876126
715,0.27239640032774937,0.11824974409087849,0.0,0.39434377009263794,0.07855307473939051,0.1364570107493437,0,11.1258432355,32.6855337092
716,0.32863446553376985,0.1102891509773382,0.0,0.38152748408242093,0.14628388651224544,0.03326501289422557,0,6.27823335221,38.6175089518
717,0.35825288466225486,0.1708467478929373,0.0,0.28064148482056017,0.10958815077539442,0.08067073184885322,0,9.16384323274,46.7926284634
718,0.18075206191430143,0.1497972325198647,0.0,0.24135945903911196,0.33271740921889836,0.09537383730782355,0,7.3038456844,39.0974591218
719,0.2244321017168667,0.10213465229793683,0.0,0.2761655637900581,0.32065044575402174,0.0766172364411166,0,14.5593241587,49.7300278222
720,0.21076321666179182,0.20008960448672414,0.0,0.21081892929602444,0.30730160498813786,0.07102664456732176,0,14.1783399415,46.759796931
721,0.13806294073135292,0.29830694167838856,0.0,0.2511594223082601,0.1968395006708169,0.11563119461118151,0,17.8171579693,53.955372076
722,0.25316323475136315,0.10860033100515541,0.0,0.3252090833756955,0.2507120324784301,0.06231531838935584,0,21.7589814963,56.080231953
723,0.1827785270106845,0.15766078396326927,0.0,0.29597433677413065,0.22870585941398897,0.1348804928379266,0,4.77102103021,73.1494596706
724,0.20341741064174523,0.13172885416231425,0.0,0.5743975078575839,0.059204631447977454,0.03125159589037916,0,18.1770522337,57.752578497
725,0.4358078622892372,0.18827991532347915,0.0,0.2657584676520835,0.08587192676223725,0.024281827972962935,0,5.27504658551,114.051986694
726,0.3157055448265617,0.14145946297259154,0.0,0.22738245561910422,0.2559677449305504,0.05948479165119216,0,6.42741855221,59.5422979082
727,0.28121916965539656,0.15347563169562542,0.0,0.2790185359285955,0.25397588124006176,0.03231078148032081,0,8.09869883951,37.5511246628
728,0.3292202275670933,0.24852025681378215,0.0,0.25370109883988134,0.1601209791605736,0.0084374376186696,0,13.4286288277,38.953850754
729,0.31093283564766455,0.3004521882848879,0.0,0.25351560142434665,0.11844872491260323,0.016650649730497638,0,14.360999734,35.8966025166
730,0.40069357238523445,0.20482436695271497,0.0,0.35660715902259216,0.024453765322773453,0.013421136316684965,0,6.43614005593,32.5183408022
731,0.30563557148394793,0.052655767994299205,0.0,0.3555500363263288,0.19716956387514883,0.0889890603202752,0,9.31731142699,43.2783223594
732,0.33822556572481716,0.18371288174384137,0.0,0.22210255350855,0.20854233448385517,0.0474166645389363,0,7.25082769025,36.0664215088
733,0.2671731803114293,0.09247007808945468,0.0,0.2565484646740392,0.3164038924018311,0.06740438452324578,0,10.0610100682,46.7017574674
734,0.26910811024097225,0.12279557513496953,0.0,0.32508970889290173,0.17997948184700513,0.10302712388415135,0,6.55716855057,40.6566692806
735,0.31167043486738566,0.08901155529969963,0.0,0.3298529705337536,0.1490466529556776,0.1204183863434835,0,6.7155674836,41.2433619406
736,0.28278324168363095,0.07901914314298514,0.0,0.36932315398774856,0.13750472949603884,0.1313697316895965,0,5.95232239461,33.8351131488
737,0.2188889817368133,0.16460776394343704,0.0,0.21156095930475474,0.3073893020621524,0.09755299295284255,0,5.87619808419,31.560828249
738,0.1932091973872958,0.25178381590369947,0.0,0.2506023425205075,0.2204666471688741,0.08393799701962314,0,7.49548123304,46.9702699498
739,0.2905186921853782,0.20203577107440895,0.0,0.34250861778804303,0.11345303450597152,0.05148388444619831,0,6.08574521004,45.6285224832
740,0.20217820725001334,0.2619117807494203,0.0,0.2727842474577137,0.175730537379327,0.08739522716352571,0,5.17460073353,49.6324146382
741,0.18279664734705436,0.15303500509489976,0.0,0.10852484663075092,0.5302177460349146,0.025425754892380397,0,9.86078824475,45.186889228
742,0.18938029267567968,0.10618546649829148,0.0,0.41492952384489673,0.26441093448224634,0.025093782498885754,0,13.6440038689,64.613952387
743,0.06338521816232075,0.186339728800026,0.0,0.371323921954571,0.3361473077298027,0.042803823353279515,0,18.7877556727,47.9521972656
744,0.18130560836391577,0.010691661850079966,0.0,0.27489362887445074,0.36065440584211345,0.17245469506944008,0,18.3210871834,67.4531247688
745,0.08344436346079746,0.04989856411351534,0.0,0.27697567859911704,0.4563500721889261,0.13333132163764408,0,22.7744393245,55.1171088454
746,0.3303272561827695,0.27377354373552093,0.0,0.21919061082559183,0.07284456143771734,0.10386402781840044,0,33.9580164795,62.5385822766
747,0.010293916260673991,0.3262161792046644,0.0,0.5361424390198614,0.11153173938171512,0.015815726133085135,0,7.83488743861,46.2363573268
748,0.35718911841925055,0.20086215101338725,0.0,0.24352864435226088,0.14028408734792228,0.058135998867179066,0,3.93449802838,81.419615759
749,0.2493930095122257,0.18568802313759533,0.0,0.36935893448216633,0.18108742984211285,0.014472603025899809,0,6.45144774374,47.095861657
750,0.2829099467981393,0.09051512028448604,0.0,0.3417499976788019,0.2651156420898211,0.01970929314875166,0,6.28330865811,43.5202074348
751,0.3406383981318347,0.14880790720455342,0.0,0.21869929456333262,0.2703663210282337,0.021488079072045533,0,17.8373489085,39.1725832168
752,0.24394976903971588,0.2383254799099371,0.0,0.2048907871219331,0.2988927833615747,0.01394118056683921,0,13.004429088,66.5835330282
753,0.3633688002525393,0.10762167381575771,0.0,0.3774325478617719,0.14654708187101925,0.005029896198911853,0,10.0596780835,65.372965429
754,0.24507366578690196,0.2695933351439309,0.0,0.2677827375770955,0.14917699055471603,0.06837327093735565,0,11.6612871336,59.9155111312
755,0.18238329460756209,0.3504492731083757,0.0,0.2508501486744644,0.19353213852142606,0.022785145088171734,0,8.87029745551,56.2378418332
756,0.3598983357704895,0.05376598658403547,0.0,0.239463361418657,0.2963256969106144,0.050546619316203606,0,6.93823390316,48.281513058
757,0.29204388237369655,0.11209225883729351,0.0,0.3536936962032369,0.159770002878446,0.08240015970732704,0,6.57419652176,40.7588514192
758,0.3167648519792581,0.07935601576535799,0.0,0.3141999637898138,0.19918387811094243,0.09049529035462771,0,7.72953973982,39.0186460136
759,0.2980225759204109,0.07667828036758408,0.0,0.35029815720509827,0.17588141490623543,0.0991195716006713,0,6.19858478412,32.8146496142
760,0.19742580922205588,0.1516474588860648,0.0,0.26764388426586816,0.2021656627554751,0.18111718487053607,0,5.66009691426,34.1222755482
761,0.44754160389424985,0.06518272286432569,0.0,0.3244604667250092,0.14005232259876646,0.02276288391764878,0,6.05442240228,52.2596907906
762,0.5086935026773343,0.06751477930270937,0.0,0.30073414895123235,0.07315493722713125,0.0499026318415928,0,6.2289782887,50.55036566
763,0.36057308399413174,0.151077550186633,0.0,0.34729057178406286,0.08168675370016157,0.05937204033501086,0,6.12421078978,44.7345924378
764,0.1067371392227592,0.15924337172648478,0.0,0.25134283180828493,0.39694433225163994,0.08573232499083114,0,6.96938105307,43.060470363
765,0.11121427427422781,0.1371371139021905,0.0,0.19937931882910842,0.4576119326767514,0.09465736031772191,0,39.7044047546,69.8468924414
766,0.19703349504421902,0.3243587660453564,0.0,0.28112160813351594,0.14391959332420323,0.05356653745270537,0,49.8501343753,81.1480401222
767,0.10419805243793452,0.1797954943766757,0.0,0.32894996460033193,0.3393052379902274,0.047751250594830486,0,5.00665632415,71.2492227408
768,0.13161767436678304,0.18661331055485406,0.0,0.3505603320210949,0.19945405927356458,0.13175462378370348,0,13.0409932999,70.9368702624
769,0.46102280323850553,0.289636410903959,0.0,0.21246193270444924,0.025579365668870237,0.011299487484216,0,26.1860678199,70.3468381636
770,0.3768863818378077,0.1581670670984366,0.0,0.2747124435623339,0.15838295205264807,0.03185115544877375,0,4.5716926827,40.0321971556
771,0.34044982939906693,0.0713158322308103,0.0,0.3354989206879744,0.14655432537195645,0.10618109231019196,0,4.66651163892,76.4274476858
772,0.3637769065244187,0.08500059192612762,0.0,0.22151964846551855,0.26186347630090273,0.06783937678303238,0,4.18946792877,50.0146598816
773,0.38956951259708367,0.11026800428955419,0.0,0.2493581917022195,0.2309929575176294,0.01981133389351321,0,8.83847853841,40.01171875
774,0.3738588277349254,0.06532623657461462,0.0,0.2091771953566214,0.2892130350713893,0.06242470526244931,0,7.82177002123,49.920090371
775,0.33653573865772873,0.19339773734860335,0.0,0.2662468490467061,0.18174559330767695,0.0220740816392849,0,11.812622263,64.2790345086
776,0.2012224138611425,0.31987037677552943,0.0,0.40092435472751037,0.035035876198678234,0.04294697843713947,0,12.1314099962,43.8295277102
777,0.29624428728266144,0.29991156748375836,0.0,0.2916926819191481,0.05158331341087233,0.06056814990355981,0,12.6409343527,51.470086732
778,0.2540059099212862,0.33713245790980056,0.0,0.27814234414497646,0.093743979238674,0.036975308785262805,0,8.80032146472,55.35257411
779,0.2900168521329787,0.3216946839180513,0.0,0.28313904634568693,0.07563033012539287,0.02951908747789028,0,10.665937237,49.0061334222
780,0.45874998839400943,0.23381428558164583,0.0,0.19444212324633484,0.08698922035597895,0.026004382422030955,0,12.7150551054,40.4099284362
781,0.4267662289731883,0.198482425334073,0.0,0.24218059092101324,0.10954252249784713,0.023028232273878357,0,9.61796373042,33.6690708862
782,0.355749923978115,0.23660796152248043,0.0,0.2648161431022036,0.09287669134186172,0.04994928005533929,0,10.2590152149,33.9800392382
783,0.33620389498851,0.17309718901603954,0.0,0.3828532299621643,0.08099162043592303,0.026854065597363107,0,8.13953608639,37.7386301788
784,0.38220998732667016,0.09217642389270843,0.0,0.35029455046817043,0.12918904615784563,0.046129992154605344,0,7.42981498165,46.9170407804
785,0.47991689589934655,0.08141184117367133,0.0,0.24906623953944543,0.1657323258702137,0.023872697517323026,0,7.19757675322,57.2929058782
786,0.3834071453772306,0.22072818598778154,0.0,0.3234406625443336,0.058847696507158376,0.013576309583495812,0,7.31923610555,53.122332096
787,0.5174763816995891,0.16947842436340846,0.0,0.1780344003156844,0.1037858916923934,0.031224901928924582,0,11.1143002832,32.8108188412
788,0.47481035811444433,0.2600647150032961,0.0,0.17846299545973648,0.07160664048355199,0.01505529093897106,0,5.50299736435,30.9462388488
789,0.40489471692769813,0.2617557005601324,0.0,0.23048531654561027,0.08122500237934405,0.021639263587215147,0,5.37739688226,36.1760903838
790,0.16585507380930276,0.14416488719710333,0.0,0.6177281589453161,0.06421641444619812,0.008035465602079659,0,6.74838299947,46.38193444
791,0.15267118867547855,0.1649349322859358,0.0,0.27006699444266474,0.3912210816607936,0.02110580293512728,0,27.2574192119,71.7268633986
792,0.49043784658308825,0.13012142159127046,0.0,0.3684104240122745,0.006951972201395966,0.004078335611970855,0,40.0736634019,77.1682451166
793,0.3030720843053283,0.22952775553311747,0.0,0.28278495409862703,0.18244025857966878,0.0021749474832584753,0,6.25012652891,53.8104675046
794,0.13143625145658563,0.19320940942706857,0.0,0.2812730674416553,0.09565183077144489,0.2984294409032456,0,4.48904749877,55.035362959
795,0.3341171445748733,0.25441445121993683,0.0,0.29712326573058095,0.10571934605537127,0.008625792419237653,0,4.14368544965,61.5240615184
796,0.17793989981755468,0.2142734451526645,0.0,0.4496882645410781,0.15428235851202607,0.0038160319766767097,0,7.94032290391,36.4358145068
797,0.4356355431545374,0.1435760894544661,0.0,0.2664390223520099,0.1413406563305934,0.013008688708393204,0,9.24974811529,45.5045237542
798,0.3220373998384416,0.19103583067938087,0.0,0.34789138448110973,0.12257314231065636,0.016462242690411417,0,11.683833919,31.3429770152
799,0.37688385058711843,0.18075217079471628,0.0,0.3399368200671722,0.06571455761281053,0.036712600938182544,0,11.5065017245,33.8156676166
800,0.2765669504095973,0.15552857663496514,0.0,0.3460185845042469,0.16110903481750927,0.06077685363368145,0,5.81239444677,40.6048906754
801,0.16386966189899216,0.34242069737104763,0.0,0.29396868283126515,0.18752002005487237,0.012220937843822681,0,11.9145851202,48.4674870968
802,0.2980225759204109,0.22441059113815043,0.0,0.23518788894485543,0.16097703644040454,0.08140190755617867,0,9.17416045602,61.3606800402
803,0.23896522909799917,0.3025695185924516,0.0,0.28357550717236896,0.11861334199897869,0.05627640313820157,0,15.9287346867,59.7790756226
804,0.22771916385203755,0.13166660863307683,0.0,0.32267140220759777,0.26847963601332453,0.049463189293963344,0,11.0770369838,45.755513733
805,0.3487721660012998,0.05952557794076688,0.0,0.34751415838826477,0.20536161916256615,0.038826478507102406,0,28.023038773,39.403427979
806,0.42099704267004645,0.16002312009916572,0.0,0.29608815350260215,0.1075804212686342,0.015311262459551432,0,15.6364583064,72.2686879598
807,0.3915855201309177,0.1815601025986235,0.0,0.3104258307122712,0.1025336289040285,0.013894917654159074,0,12.3433467664,61.0415663558
808,0.4326779119672622,0.2653957480786506,0.0,0.24897578322118208,0.04118221890036837,0.011768337832536785,0,6.35855375487,48.2401883358
809,0.4827128369517027,0.1964620216289742,0.0,0.21037067298653006,0.09602818869527473,0.014426279737518309,0,11.1183923436,38.202548651
810,0.3930440878460721,0.18951065346019838,0.0,0.3219854270785215,0.06857026130515623,0.026889570310051788,0,7.31804991956,30.3381670498
811,0.4825619587243594,0.12077453918307564,0.0,0.3088105921158002,0.05732676277996616,0.030526147196798595,0,9.28575171154,34.4229037876
812,0.4677385660965963,0.1850059421016471,0.0,0.29182218260821124,0.03114961097803279,0.0242836982155126,0,6.75661992794,30.6037082672
813,0.1888021468084563,0.11600379777101484,0.0,0.23308935672351716,0.40255212069297713,0.05955257800403455,0,8.92907452568,36.3304520822
814,0.15515060359814592,0.18407828555379926,0.0,0.2788806799850522,0.30973486246411025,0.07215556839889238,0,38.8644835518,65.8240734306
815,0.27753481894150417,0.1381151346332405,0.0,0.545383008356546,0.03312674094707521,0.005840297121634169,0,23.0812433959,62.484026634
816,0.42674629942132397,0.20680994682122786,0.0,0.3208112141983376,0.03738530353217536,0.008247236026935246,0,4.49160066168,55.5288840494
817,0.20928370140994154,0.24467151658085692,0.0,0.40697496274355965,0.07080812817143999,0.06826169109420192,0,5.3121375328,34.1521124286
818,0.48806495339250566,0.15085926764957105,0.0,0.21448035429123186,0.0004085119025513425,0.1461869127641401,0,7.76336909831,48.1514550266
819,0.6677460914377241,0.0943138688673004,0.0,0.2197267778590248,0.012435437631300996,0.005777824204649651,0,8.67661209604,31.9588743908
820,0.3730070491677711,0.10832321722438729,0.0,0.40736390835385566,0.060877699144212,0.0504281261097739,0,8.27358065756,31.6320400238
821,0.4059303208194929,0.0971743465110503,0.0,0.3836301047114342,0.09042184014503149,0.022843387812991087,0,9.81167124326,35.1149870638
822,0.29049502560317175,0.15747691536329578,0.0,0.22868298027418374,0.1591157040524041,0.16422937470694465,0,10.7709815179,31.9026161996
823,0.2560264245806166,0.07946872294347174,0.0,0.34585003632683475,0.13648212325126333,0.18217269289781365,0,10.3341558898,34.671836853
824,0.2224873497052133,0.1562114107980131,0.0,0.3179703820621141,0.20462374077340884,0.09870711666125064,0,8.10219122005,36.0664291382
825,0.3006453110492108,0.14284122562674095,0.0,0.15779480037140203,0.1645171773444754,0.23420148560817083,0,7.79702161009,52.6177857536
826,0.3260601108624804,0.36412382429132506,0.0,0.2349397870029062,0.039354323543885385,0.035521954299402976,0,7.58940710312,53.5100979338
827,0.41041656511919933,0.21583537008539272,0.0,0.22276148762977765,0.1407761243915856,0.0102104527740447,0,6.1241448532,48.2847799586
828,0.1334941258127642,0.1957876703583939,0.0,0.33972556948626104,0.28733956539603467,0.04365306894654617,0,6.76730074345,56.133098033
829,0.32672042411750507,0.17115341763690045,0.0,0.3630113457003324,0.12285991495367017,0.016254897591591926,0,10.693795994,60.2758412928
830,0.3264447750869871,0.13138243916705933,0.0,0.3475700481185485,0.05369872171323388,0.14090401591417118,0,6.86366780165,56.4152952242
831,0.2949794922623041,0.1448401046393679,0.0,0.2448811897505414,0.044241933274994025,0.2710572800727926,0,7.1725878342,51.6677638012
832,0.23286233927821148,0.019909886696797288,0.0,0.23658340123168775,0.44540624107745985,0.06523813171584364,0,8.55538630774,57.092092394
833,0.29430456136441707,0.023600627617005078,0.0,0.23126201153106982,0.3301163319685449,0.12071646751896313,0,9.9294988372,51.6899007674
834,0.255276328251221,0.25908326988430613,0.0,0.28256327879812065,0.19592982228082229,0.007147300785529907,0,17.3587350109,50.9870784996
835,0.28771155261221487,0.27699667829611213,0.0,0.34035742555181836,0.07002272500423627,0.02491161853561837,0,12.6988774557,50.0771111672
836,0.18612516044872257,0.16241936943942176,0.0,0.4409745997776349,0.15697397771242483,0.053506892621795955,0,19.5201065016,43.4155793246
837,0.280169452181987,0.17785051067780872,0.0,0.22694753946146703,0.3096355617455896,0.005396935933147632,0,13.6639920675,63.9789313896
838,0.1964591622137316,0.23828580183007506,0.0,0.5348535986369608,0.030306265987623083,9.517133160941686e-05,0,6.32338282135,52.6745574174
839,0.18701849758479897,0.23905963840459782,0.0,0.5624458871946761,0.004166540935394243,0.007309435880532853,0,4.50020850731,65.3232264284
840,0.5786809217856347,0.08866430216147961,0.0,0.2852749201515264,0.04575503231077769,0.001624823590581594,0,4.13565732663,53.2368380878
841,0.649740937453573,0.14075499554300996,0.0,0.18053131035507353,0.02523770613578963,0.0037350505125538554,0,3.60775179126,43.1992771442
842,0.5351832509342432,0.18059327344892417,0.0,0.25923914304946266,0.02024232295801128,0.00474200960935868,0,4.5832077315,38.036937887
843,0.3610381169042203,0.06232415618180974,0.0,0.455018803101351,0.08784762523794049,0.03377129857467849,0,3.79613762784,38.3972234156
844,0.3942017547931851,0.08946659857945313,0.0,0.3575901768720115,0.12011977159834734,0.03862169815700293,0,17.3164300351,30.4937759514
845,0.2792739258605882,0.15901905712495068,0.0,0.41777581764582994,0.09860727466864744,0.04532392469998375,0,10.0814885081,30.009235382
846,0.2873463703359833,0.09961585330470608,0.0,0.44954215748853943,0.033055184819822434,0.13044043405094877,0,10.0566748865,37.7521110564
847,0.2625289298788485,0.18236792073967636,0.0,0.4143988968924029,0.0546725381456557,0.08603171434341653,0,7.42817002213,38.1135154094
848,0.2383662498810455,0.09618486805914998,0.0,0.33202812200437753,0.0902754405958634,0.24314531945956358,0,7.88881007389,39.1260002332
849,0.40490388833823504,0.19201208910842826,0.0,0.23638524515959805,0.047297940348327884,0.11940083704541075,0,4.95558823594,43.132976532
850,0.2911407096531585,0.22015218128049543,0.0,0.30706914081178827,0.1683929043969155,0.013245063857642257,0,8.40518145226,38.250623234
851,0.21157609111947245,0.2984339130818279,0.0,0.2296161497055608,0.1789359336519513,0.0814379124411876,0,10.6022588583,40.1458002874
852,0.14423030052621683,0.258607602869936,0.0,0.21590674332828086,0.2886764729777095,0.09257888029785684,0,13.3941623884,50.871265708
853,0.2677965000081244,0.16800796655532368,0.0,0.35247364792560837,0.1405730255965051,0.07114885991443845,0,9.6816610383,54.6031022688
854,0.31696792299103776,0.14137189042889275,0.0,0.2863834617357657,0.09133324203181471,0.16394348281248913,0,5.49054150017,40.41879597
855,0.15158984928985417,0.013420700188242613,0.0,0.32152348854644675,0.41606027477386515,0.09740568720159136,0,5.5729742456,58.3285163338
856,0.06938528214901703,0.035328692172160926,0.0,0.21621326746877198,0.47518588245125737,0.20388687575879272,0,33.8616134095,52.7108628432
857,0.20753670283757905,0.2315023501421691,0.0,0.2688121627110776,0.2761654964312656,0.015983287877908665,0,7.08482565106,64.6055173684
858,0.11483948840556162,0.10444743622478588,0.0,0.5120540377428565,0.23036837585014275,0.03829066177665328,0,9.2246062712,64.3326762766
859,0.08508914664803496,0.06674914753010049,0.0,0.6636777025442948,0.11872137639360549,0.06576262688396428,0,17.9422527562,66.8906350478
860,0.37480588395051984,0.08439898885559159,0.0,0.43004742350841113,0.08078941687422672,0.029958286811250723,0,33.5390321082,71.9574691944
861,0.06879711813421473,0.37450560775429864,0.0,0.5241834404129684,0.030796226835518255,0.001717606862999963,0,6.48847147711,60.7822766304
862,0.17055800327772955,0.20937077806613957,0.0,0.614323585260431,0.0038209226855097428,0.0019267107101902106,0,5.18040316398,67.1561129888
863,0.37236832942596504,0.19123743645690675,0.0,0.36876813444441864,0.06559039948004922,0.0020357001926603374,0,4.457067478,58.8993883206
864,0.38253829352137914,0.21551145846148131,0.0,0.3780537908206965,0.021006599089636667,0.00288985810680637,0,5.52149088143,43.146768235
865,0.3366821572987804,0.2711572477123849,0.0,0.36254346584710234,0.02674107122131486,0.002876057920417458,0,3.41742944627,46.8251288488
866,0.4333083417090093,0.0750189758385928,0.0,0.3690040412152893,0.10783150848051698,0.014837132756591638,0,3.1574306091,49.349218745
867,0.4361573475512805,0.062128467539581775,0.0,0.3139384007594872,0.16793673415858706,0.019839049991063493,0,7.78431146268,30.009235382
868,0.321874165805875,0.17765346270354337,0.0,0.39121644363459107,0.04043360685228816,0.06882232100370238,0,8.68490183513,30.009235382
869,0.2802281342342949,0.09014644880791274,0.0,0.32823660222052514,0.20509332658618057,0.0962954881510867,0,6.39523370602,34.9128080112
870,0.25322684343803603,0.186749574667103,0.0,0.4318480917465689,0.057030584510687286,0.07114490563760477,0,5.71611073558,39.1540546188
871,0.2899334935060413,0.10297712315888437,0.0,0.588845944032406,0.004310735053448936,0.013932704249219448,0,6.1743949038,38.8769578182
872,0.39095123032535556,0.1889972865760954,0.0,0.3762653166860483,0.021259409360267954,0.02252675705223283,0,11.4159274777,43.9508731882
873,0.3229343658022525,0.09140646035857869,0.0,0.3256919491564766,0.17271803013843626,0.08724919454425596,0,10.5940131931,37.6056173352
874,0.37697010774951606,0.0812206659950698,0.0,0.2994494143644357,0.19276764450551745,0.04959216738546101,0,8.76712793937,40.4062895966
875,0.1442628658975371,0.31916014763573897,0.0,0.19914111283920238,0.2537036607163583,0.08373221291116321,0,9.10725564451,40.1736556572
876,0.18563066053282704,0.2652622587818046,0.0,0.237502146998612,0.23064103575855202,0.08096389792820437,0,15.6066459389,59.435399525
877,0.31913713219249945,0.2837421888782626,0.0,0.2932617758753563,0.0767950491648019,0.02706385388907975,0,10.6136595109,65.9248289588
878,0.19538674379413282,0.1607327728283527,0.0,0.186231725943705,0.4091044145570355,0.04854434287677402,0,9.27471423796,44.9485421592
879,0.20497608055317637,0.0016921180722388185,0.0,0.33202188379860775,0.3490359105057553,0.11227400707022174,0,11.7313282253,48.824180603
880,0.185660864377784,0.17477199766949006,0.0,0.19577908436956687,0.34420053527449646,0.09958751830866258,0,24.6380922324,51.251109539
881,0.29539899302919936,0.08248200428508091,0.0,0.3805179701808508,0.19343913722704661,0.04816189527782227,0,13.3942992571,58.2221220046
882,0.18269980687811038,0.07701663819356755,0.0,0.3145124600757632,0.39734364554705487,0.028427449305503973,0,9.56706163576,53.9683819346
883,0.39397006153424774,0.2294106314281934,0.0,0.3080240566180072,0.06043865492773034,0.008156595491821354,0,9.42931334178,88.097242541
884,0.2631225857970584,0.34889643069380477,0.0,0.34826038107264895,0.009596456692913386,0.030124145743574506,0,4.90340983712,39.0005179536
885,0.49970986235870296,0.14159645335747278,0.0,0.3074994777522457,0.04418680221897268,0.0070074043126059,0,3.49335354302,71.8530330108
886,0.31173166202414115,0.1481824512534819,0.0,0.361652739090065,0.14065923862581245,0.03777390900649954,0,8.40218019858,36.1173962112
887,0.2428164554758351,0.21296113608983985,0.0,0.2719382745565921,0.08784594636627198,0.18443818751146093,0,5.71917699479,47.8863710306
888,0.5317851986313771,0.10822241514584562,0.0,0.3310762816911871,0.02585666600123492,0.0030594385303552942,0,7.52095798484,40.8686536632
889,0.321293530259667,0.09669677197722489,0.0,0.3033185476102604,0.13654162633669203,0.14214952381615567,0,8.95277117883,40.9542784514
890,0.31663126617686316,0.09420940840558516,0.0,0.31869726197523124,0.18388291142913518,0.08657915201318524,0,10.5325378894,37.9804385304
891,0.2572829843582084,0.18356764686084864,0.0,0.24636227958396872,0.208243101155204,0.10454398804177024,0,9.65457995275,40.0123138428
892,0.22116734949687214,0.09576258399972146,0.0,0.317863070298627,0.25394087812351296,0.11126611808126646,0,7.44452782718,42.2752070398
893,0.31161255428840695,0.1781611463297439,0.0,0.4068398169920683,0.06082622835137337,0.042560254038407526,0,7.17043827847,55.5824510158
894,0.27569414462719755,0.07532182963571624,0.0,0.43764652359000783,0.1678133225631241,0.04352417958395424,0,9.47244475334,39.8682864262
895,0.27597356625728564,0.17675186217686095,0.0,0.41814894165217853,0.10057495943715719,0.028550670476517655,0,11.1687142251,40.0122664602
896,0.3413300278781717,0.0842217904703542,0.0,0.2382852487099672,0.21735688934385322,0.11880604359765369,0,8.55869192961,37.0436963658
897,0.36147677023247177,0.08586947690950662,0.0,0.2825152911410035,0.11498473787444435,0.15515372384257378,0,8.28195369214,36.2589285234
898,0.17979671843483871,0.1763545334481502,0.0,0.4489254487258345,0.14541200609983962,0.04951129329133697,0,8.31053284505,36.474546405
899,0.35546270181180867,0.10433046647399515,0.0,0.2592476525412909,0.20111656626855623,0.07984261290434903,0,8.19694589054,45.9526627602
900,0.19084403571768452,0.38617947509766193,0.0,0.21839131151308078,0.17498137286078042,0.029603804810792368,0,8.55252821936,53.7635872364
901,0.42783859316824974,0.15820357835900578,0.0,0.32336842984875075,0.07870022190653927,0.01188917671745448,0,11.8722634574,55.4093202762
902,0.28059237250760194,0.23644530071261113,0.0,0.19974234581369976,0.1601402010166895,0.12307977994939764,0,8.01278105218,50.4828527904
903,0.2613459364474353,0.23197220010538705,0.0,0.24690280482737648,0.17270939871353527,0.08706965990626589,0,6.71631029318,46.949532997
904,0.4050659647754598,0.20688382586413392,0.0,0.2650103519668737,0.0610719624172539,0.06196789497627868,0,9.9161007606,59.2560295328
905,0.2516742612938645,0.24505382010134938,0.0,0.3575781070459415,0.1146459851388273,0.031047826420017317,0,7.63636780778,40.1880428986
906,0.49454977623442464,0.19619644946240553,0.0,0.28269902137379066,0.018070695066015486,0.008484057863363726,0,7.28117860281,50.0897313958
907,0.28502921180356483,0.34889129773756494,0.0,0.31170166589681514,0.025925040446219873,0.028452784115835187,0,5.50416820301,41.9939269118
908,0.24186453543299777,0.0778971167528244,0.0,0.5719372607643007,0.08619100787142031,0.022110079178456775,0,2.6892221508,51.534693923
909,0.19855014937221885,0.12205114634763453,0.0,0.4814056540924738,0.1895112151029589,0.008481835084713894,0,3.8890122937,44.4339635002
910,0.33715016561786953,0.1334320618554308,0.0,0.4646051284670076,0.053865848365060316,0.010946795694631752,0,15.6828062782,67.0065510118
911,0.33559260660558893,0.18308701838599684,0.0,0.45958492817135815,0.018276901793568962,0.0034585450434871418,0,4.52108970032,36.0405538894
912,0.2685659767681551,0.053833904379880594,0.0,0.24166179187906814,0.38673314948420107,0.049205177488695136,0,6.08012940533,47.459588281
913,0.3480734281397168,0.04431776772513421,0.0,0.22238031022901614,0.35174762036287,0.03348087354326286,0,7.88477566232,48.8404640428
914,0.22285594902329467,0.17733207980779275,0.0,0.4087862855020486,0.1094281370056989,0.08159754866116509,0,9.66962191644,51.005859375
915,0.08287664714579837,0.13825927705473967,0.0,0.38966299228681983,0.134740414232361,0.25446066928028116,0,6.34849278867,53.927372829
916,0.21976871582035784,0.1905958979787007,0.0,0.37686740387918627,0.11241330325060583,0.10035467907114937,0,2.81073546421,88.6486024304
917,0.27405012313755894,0.09489832156891874,0.0,0.3575260144051214,0.14493093387246153,0.12859460701593942,0,9.91584548414,48.0128366484
918,0.28684245346308035,0.18381009640495186,0.0,0.34300710095708553,0.15509753079828315,0.031242818376599108,0,9.52937408237,46.6250586948
919,0.3433116776105823,0.05822673750617989,0.0,0.31808148400888514,0.20979822808373547,0.07058187279061724,0,9.80931205711,36.2128143152
920,0.29801230730662187,0.03368376582227061,0.0,0.18583058070895841,0.3492888828020362,0.13318446336011291,0,11.6618881277,34.4089872854
921,0.430184378329569,0.19161140114067118,0.0,0.2875842330181825,0.06616774876450503,0.0244522387470723,0,9.09482125256,33.9483665788
922,0.16576257889007268,0.08518619101668674,0.0,0.6124724653626448,0.1301700706325829,0.006408694098012864,0,10.5438845161,41.4486604838
923,0.2597879802882484,0.19648846704688155,0.0,0.27465071528217844,0.25160105754522305,0.017471779837468577,0,7.00907719603,71.658396493
924,0.22956931090673588,0.27425614789298003,0.0,0.33729497351426885,0.13135390600699168,0.02752566167902358,0,7.94906931138,47.059035282
925,0.23489883034555756,0.3257182383922416,0.0,0.2672610495089494,0.13358061887927652,0.0385412628739749,0,7.15288999787,51.3809983534
926,0.3037117331247403,0.20060674569370715,0.0,0.3940783105823041,0.070000905244149,0.031602305355099426,0,7.43536010993,33.4772762316
927,0.22268468652503343,0.3513849168028525,0.0,0.32900014856633486,0.060292397117813104,0.036637850987966125,0,11.2560253471,38.2678704602
928,0.0700534784183015,0.13093392258627573,0.0,0.6397982489531785,0.05270780914889469,0.10650654089334954,0,9.08625187762,43.1175601344
929,0.1947915989637979,0.12478296394648146,0.0,0.5979238818581072,0.014999860725527154,0.0675016945060863,0,7.17146633457,81.9855878656
930,0.40900164805830874,0.2680903414498271,0.0,0.2811657111023421,0.028947796012163133,0.01279450337735893,0,9.40911204127,98.3911072468
931,0.053036457922274474,0.0916554858657654,0.0,0.758817357555049,0.09500740486260383,0.0014832937943073088,0,5.7381843456,64.7906229272
932,0.22193775706314353,0.14489541069754056,0.0,0.4043098405860343,0.21423630776086977,0.01462068389241182,0,3.21849404536,49.6937747926
933,0.45757203642618544,0.18032958130314378,0.0,0.27991893943438667,0.0752897590235591,0.006889683812725023,0,7.79557601616,42.3476142132
934,0.2721729219813048,0.1922531435190236,0.0,0.4921855958700764,0.03667999823586896,0.006708340393726193,0,5.66448087843,34.4933419824
935,0.05932968596583669,4.4102661711693935e-05,0.0,0.3000211228537672,0.5463507368626295,0.09425435165605495,0,4.94985222027,44.3160506354
936,0.23293553980682138,0.0,0.0,0.2798583078183722,0.4387722177472707,0.04843393462753573,0,52.3525106602,51.005859375
937,0.2419044479983659,0.14969952857670088,0.0,0.32763106890764887,0.22818419629406972,0.05258075822321464,0,15.6190448195,41.2433280944
938,0.2647269097746106,0.09217288363779856,0.0,0.4163598802256215,0.13863420069172025,0.08810612567024907,0,6.2815237816,47.3707567014
939,0.2676505543072552,0.18240608345248926,0.0,0.3287148799465191,0.1801220033054168,0.04110647898831962,0,6.360017223,92.8305510276
940,0.33675719591457753,0.08074280408542248,0.0,0.3168105849582173,0.20667130919220056,0.05901810584958217,0,9.14660814092,69.3182149786
941,0.24134937656091876,0.18948741516493514,0.0,0.36159466711231186,0.1496346637699728,0.057933877391861406,0,8.67272762851,36.7286469468
942,0.33843021825221803,0.08832459736388834,0.0,0.3870552896333678,0.14366297883403825,0.04252691591648754,0,7.33212091291,35.0038653564
943,0.2046877828894532,0.0758201763141158,0.0,0.6083347647056093,0.09831206391502756,0.01284521217579418,0,11.391388223,48.3467097682
944,0.2638064863559975,0.1654294680742412,0.0,0.40789950140664605,0.13559046637512417,0.027274077787991048,0,9.45282738068,85.868577449
945,0.2212602190272368,0.0740598030704666,0.0,0.30589535159024545,0.2513985153685813,0.14738611094346982,0,6.53299618118,68.4652740478
946,0.2973659958819747,0.23385230356392572,0.0,0.3567639842242954,0.09454280401774419,0.017474912312059963,0,1.69307329155,58.1463965714
947,0.2963169280190142,0.1549568745415889,0.0,0.2853197040173059,0.2279591306204681,0.03544736280162289,0,10.1948050714,50.0806153152
948,0.17139441491213817,0.3801364934190673,0.0,0.26827688665010796,0.16407066087885047,0.016121544139836116,0,7.9216403614,36.6191174962
949,0.372063063188535,0.13638157314429233,0.0,0.28646072710222237,0.18047798777175805,0.024616648793192294,0,11.7556164483,40.2123550352
950,0.386192345277251,0.184290850682073,0.0,0.34511012745491726,0.05641812454882445,0.027988552036934303,0,8.54256018118,33.567968096
951,0.21326917407724644,0.19599677810971605,0.0,0.48959036961209645,0.09750396352857338,0.003639714672367648,0,7.11287545871,31.1033096314
952,0.19939647168059424,0.36581940575673166,0.0,0.3334842154131848,0.05816388115134633,0.043136025998142986,0,6.58997797232,72.3609191428
953,0.2129559993686341,0.24164368680538145,0.0,0.44140599611895676,0.08175956101501351,0.02223475669201415,0,22.6038674979,87.905034527
954,0.2825293220586836,0.05085894540398636,0.0,0.5211771068592611,0.13776086941383736,0.007673756264231614,0,6.57204233516,55.4204213576
955,0.3000041784281682,0.054041004308423714,0.0,0.5105760659634527,0.12348183776556232,0.011896913534393106,0,6.36136268423,49.4790898752
956,0.4464416276527346,0.07680541467728495,0.0,0.3844541569857182,0.08679313602380527,0.0055056646604569335,0,10.9262867404,41.2435112
957,0.4304363974001857,0.17800603528319406,0.0,0.35862116991643456,0.02760677808727948,0.005329619312906221,0,6.30907739485,42.4021882722
958,0.2443345225632586,0.0944079886539573,0.0,0.4255810552655341,0.18575663109809173,0.049919802419158284,0,4.96933236226,35.6355595588
959,0.3015465891708583,0.1002300269950954,0.0,0.3441282766080419,0.21448218393339197,0.03961292329261244,0,9.08701522492,39.6143765522
960,0.3127606977472929,0.18430184650023793,0.0,0.36608056822534035,0.11483815558882583,0.022018731938302984,0,9.98226900425,40.0123138428
961,0.24042340815710672,0.07947956080688967,0.0,0.5309872559715871,0.12119362102184358,0.027916154042572947,0,8.8126647278,40.8804550834
962,0.2984216512313442,0.1613559872803658,0.0,0.3124341387554256,0.1975257061950189,0.030262516537845553,0,10.8673152827,92.949551515
963,0.47288912617077333,0.08979004421954248,0.0,0.23538724016666474,0.14548113415582456,0.056452455287194905,0,10.4885003216,68.3888559532
964,0.28667264007725196,0.1761080599259978,0.0,0.39787789172651683,0.08230075348539223,0.057040654784841154,0,8.33818716717,31.2128108148
965,0.2968332555748211,0.11313283242924556,0.0,0.45195800576109335,0.10724407584588495,0.030831830388955043,0,9.31366720779,31.6418754482
966,0.40424875060641724,0.12140647015266626,0.0,0.3787130723824247,0.0946637605063961,0.0009679463520957083,0,9.47081085662,51.3977735534
967,0.19427164093183907,0.21461499893222905,0.0,0.3979559149868618,0.1468393979628787,0.046318047186191404,0,14.5752419784,64.1246309814
968,0.13106918939747403,0.11201639728599848,0.0,0.3313370612553766,0.34595395110990407,0.07962340095124686,0,24.5508781796,72.869222694
969,0.1447126844972414,0.3239816819974329,0.0,0.3678757198264757,0.13396606109559853,0.029463852583251515,0,4.721352,70.5721510728
970,0.2881756074460454,0.26632681723110924,0.0,0.313689850248039,0.08139440409119293,0.05041332098361341,0,18.5273973463,66.6121992398
971,0.3651594244610996,0.28544139117194445,0.0,0.2306240730123877,0.08251263256358062,0.03626247879098765,0,11.237149126,47.2605614454
972,0.2876820441873529,0.4198843088007948,0.0,0.21773575795841246,0.048314538929717134,0.02638335012372273,0,8.81076771482,49.0604752572
973,0.29569837563310386,0.3575905147000794,0.0,0.2662100117452079,0.06378622793131142,0.016714869990297438,0,8.87788589542,65.6293843738
974,0.3300355391104312,0.3180367369014817,0.0,0.2776577149582282,0.047210609271738396,0.027059399758120488,0,7.70649835759,73.7956056796
975,0.12597021576855943,0.39634242581795226,0.0,0.4677066698852453,0.0,0.009980688528243027,0,9.96355546753,74.5274964898
976,0.15019847257364377,0.5912602428097217,0.0,0.24612688316813297,0.008461199192181806,0.003953202256319784,0,3.5716211192,79.6812752502
977,0.2104158735759185,0.5661368046721943,0.0,0.21435966239867782,0.00013463199041791626,0.008953027362791431,0,10.9668446239,71.911948157
978,0.4055596046627145,0.3770188151951386,0.0,0.20760778233237856,0.00022747213466350373,0.0095863256751048,0,5.08104169317,72.9963665336
979,0.2212271673201067,0.4156853459982312,0.0,0.2860047771920417,0.04769996077038605,0.02938274871923435,0,6.76461046084,63.8693046664
980,0.35522501003939155,0.3174002966553158,0.0,0.2811633159471963,0.03512278233902735,0.011088595019069041,0,8.8175172558,58.7157289982
981,0.22616444524913767,0.3210168846302048,0.0,0.3930214528117064,0.037719994614745386,0.022077222694205745,0,5.58326418655,45.4133515252
